kanji,keyword,meanings,story,frequency_rank,anki_tag
一,one,"one, one radical (no.1)",atomic,3,
二,two,"two, two radical (no. 7)",atomic,271,
三,three,three,atomic,278,
四,four,four,atomic,614,
五,five,five,atomic,699,
六,six,six,atomic,961,
七,seven,seven,atomic,947,
八,eight,"eight, eight radical (no. 12)",atomic,728,
九,nine,nine,atomic,852,
十,ten,ten,atomic,389,
口,mouth,mouth,atomic,287,
日,day,"day, sun, Japan, counter for days",atomic,1,
月,month,"month, moon",atomic,91,
田,rice field,"rice field, rice paddy",atomic,186,
目,eye,"eye, class, look, insight, experience, care, favor",atomic,62,
古,old,old,"if you have TEN MOUTHS to feed, you get *old* fast",305,
明,bright,"bright, light",the SUN makes the MOON *bright*,130,
早,early,"early, fast",starting the DAY before TEN is *early* for me,343,
自,oneself,"oneself, rtk-primitive: nose",to distinguish *oneself* from you doppelganger you can leave a mark (DROP) above your EYE,34,
白,white,white,"DAYLIGHT is the top DROP of the light spectrum, thus being very *white*",297,
百,hundred,hundred,below only ONE winery there are one *hundred* bottles of WHITE wine,813,
中,in,"in, inside, middle, mean, center",atomic,14,
千,thousand,thousand,atomic,611,
舌,tongue,"tongue, reed, clapper",a *tongue* is a language when it's spoken by a THOUSAND MOUTHS,1661,
丸,round,"round, full (month), perfection, -ship, pills, make round, roll up, curl up, seduce, explain away",NINE plus a little DROP to *round* up to ten,744,
吾,I,"I, my, our, one's own","*I* have FIVE senses, one of them being taste via the MOUTH",1604,
冒,risk,"risk, face, defy, dare, damage, assume (a name)",looking at the SUN with the EYE can be a *risk*,1364,
上,above,"above, up",atomic,20,
下,below,"below, down, descend, give, low, inferior",atomic,48,
貝,shellfish,shellfish,atomic,1665,
見,see,"see, hopes, chances, idea, opinion, look at, visible",atomic,4,
万,ten thousand,"ten thousand, 10,000",*ten thousand* yen can be ONE bill or a BUNDLE of 1000 yen bills,346,
左,left,left,the *left* SIDE of my brain is for CRAFTS,687,
右,right,right,the *right* SIDE of my brain is for using my MOUTH,685,
刀,sword,"sword, saber, knife",atomic,1570,
刃,blade,"blade, sword, edge",a SWORD with A DROP of blood is the *blade*,1843,suspend_rare
切,cut,"cut, cutoff, be sharp",The SEVEN samurai used their SWORDS to *cut* their opponents.,174,
別,separation,"separate, branch off, diverge, fork, another, extra, specially",strategic *separation* is what SWORDSmen decide for when using their MOUTHS BUNDLED UP,205,
朋,companion,"companion, friend",your *companion* and you are essentially TWO FLESHES of the same kind,9999,suspend_rare
唱,chanted,"chant, recite, call upon, yell","after their team won, the football fans *chanted* with the MOUTH for TWO DAYS in a row",1398,
晶,sparkle,"sparkle, clear, crystal",THREE different LIGHT sources cause a *sparkle* on the diamond,1265,
品,goods,"goods, refinement, dignity, article, counter for meal courses",atomic,5,
呂,spine,"spine, backbone","the *spine* connects two openings (MOUTHS), i.e., head, genitals",941,
昌,prosperously,"prosperous, bright, clear",i can live *prosperously* when  i just go from DAY to DAY without much thinking,1808,suspend_rare
旭,rising sun,"rising sun, morning sun",the *rising sun* is showing its LIGHT behind the NINE mountains,9999,suspend_rare
世,generation,"generation, world, society, public",atomic,194,
胃,stomach,"stomach, paunch, crop, craw",the *stomach* converts vegetables from the FIELD into new FLESH,1499,
旦,sunrise,"rtk: sunrise; daybreak, dawn, morning",the SUN going above ONE horizon during *sunrise*,1182,
胆,gall bladder,"gall bladder, courage, pluck, nerve","the *gall bladder* digests the FLESH before SUNRISE, even if you eat late at night",1846,suspend_rare
亘,span,"span, range, extend over",the *span* of ONE SUNRISE varies by the season,9999,suspend_rare
凹,concave,"concave, hollow, sunken",atomic,1819,suspend_rare
凸,convex,"convex, beetle brow, uneven",atomic,2098,suspend_rare
旧,old times,"old times, old things, old friend, former, ex-",just relive ONE DAY like in the *old times*,1034,
升,measuring box,"measuring box, 1.8 liter",It is a THOUSAND or TEN? I need my *measuring box*,2516,suspend_rare
昇,rise up,rise up,"the DAY i bought a MEASURING BOX, the dough of the cake started to *rise up* more",985,
寸,measurement,"measurement, tenth of a shaku, a little, small, rtk-primitive: glue",The decimal system uses DROPS of TEN as a *measurement*,1491,
肘,elbow,"elbow, arm",the *elbow* was a FLESH (body)-based MEASUREMENT in the middle ages,2226,suspend_rare
専,specialty,"specialty, exclusive, mainly, solely",I studied TEN FIELDS and MEASURED my interest to make a choice about my future *specialty*,424,
博,PhD,"PhD, Dr., command, esteem, win acclaim, Ph.D., exposition, fair",the *PhD* has TEN SPECIALTIES and a DROP more,948,
占,Fortune-telling,"fortune-telling, divining, forecasting, occupy, hold, have, get, take",*Fortune-telling*: using a MOUTH as a DIVINING ROD.,859,
卓,eminent,"eminent (=hervorragend), table, desk, high",The most *eminent* magician is he who learned to use his MAGIC WAND EARLY in life.,1391,
朝,morning,"morning, dynasty, regime, epoch, period, (North) Korea",There is MIST as the MOON fades away in the *morning*,364,
嘲,ridicule,"ridicule, insult",using your MOUTH in the MORNING can be a *ridicule*,2770,suspend_rare
只,only,"only, free, in addition",Imagine an animal with *only* a MOUTH and ANIMAL LEGS.,9999,suspend_rare
唄,songs,"song, ballad",*songs* are often about kissing on the MOUTH and MONEY,1723,
貞,upright,"upright, chastity, constancy, righteousness",a SHELLFISH needs a MAGIC WAND to stand *upright*,1894,suspend_rare
時,time,"time, hour","In ancient Japan, *time* of DAY was announced with a iron bell at BUDDHIST TEMPLES.",19,
寺,Buddhist temple,Buddhist temple,at the SOIL where there's MEASUREMENT of karma is a *Buddhist temple*,825,
員,employee,"employee, member, number, the one in charge",the MOUTH behind the counter handling the MONEY is the *employee* of the shop,158,
貼,stick,"stick, paste, apply","regarding the MONEY, the FORTUNE TELLER tells you to *stick* to your plan",1049,
児,newborn babe's,"newborn babe, child, young of animals","in the OLD DAYS, my HUMAN LEGS were like a *newborn babe's*",654,
元,beginning,"beginning, former time, origin",TWO pairs of HUMAN LEGS can start a new *beginning*,244,
頁,page,"page, rtk-primitive: head, leaf",ONE DROP of ink from a SHELLFISH can fill a whole *page*.,2088,suspend_rare
頑,stubborn,"stubborn, foolish, firmly",A *stubborn* person in the BEGINNING gets something into their HEAD and can't change their mind.,658,
凡,commonplace,"commonplace, ordinary, mediocre",A DROP of rain in the WIND… what a *commonplace* rainy season…,1778,
負,defeat,"defeat, negative, -, minus, bear, owe, assume a responsibility","TIED UP, the SHELLFISH had to accept *defeat*!",475,
句,phrases,"phrase, clause, sentence, passage, paragraph, counter for haiku",Some Japanese *phrases* are difficult to WRAP your MOUTH around,1180,
肌,texture,"texture, skin, body, grain","when the FLESH is in the WIND for a long time, it gains a weird *texture*: goosebumps",809,
旬,decameron,"decameron, ten-day period, season (for specific products)",Hesig should be BOUND for a DAY (or maybe 10 days - a decameron) for calling this Kanji *decameron*,1107,
勺,ladle,"ladle, one tenth of a go, dip",a *ladle* can BIND UP at least a DROP of the soup,9999,suspend_rare
的,bull's eye,"bull's eye, mark, target, object, adjective ending",She scooped the *bull's eye* from the soup with a WHITE LADLE,56,
首,neck,"neck, counter for songs and poems","HORNS and a NOSE are visible from the moose head on the wall, which was cut of from the moose's *neck*",798,
具,tool,"tool, utensil, means, possess, ingredients, counter for armor, suits, sets of furniture","in order to focus your EYE on ONE thing with ANIMAL LEGS, you need a *tool* like a microscope",461,
乙,fishguts,"rtk:fish guts, fishhook; the latter, duplicate, strange, witty","This is a fish hook, that pulls out the *fishguts*",1547,
乱,riot,"riot, war, disorder, disturb",the *riot* was broken up by dragging the protesters by their TONGUES with a FISHHOOK,1108,
直,straightaway,"straightaway, honesty, frankness, fix, repair",a beast with TEN EYES on your FISHOOK? run *straightaway* because that cannot be fixed in all honesty,286,
真,truth,"true, reality, Buddhist sect","with TEN MICROSCOPES, you are getting closer to the natural *truth*",118,
工,craft,"craft, construction, katakana e radical (no. 48)",atomic,325,
有,possess,"possess, have, exist, happen, occur, approx",by the SIDE of my BODY is what I *possess*,197,
賄,bribed,"bribe, board, supply, finance",a SHELLFISH with many POSESSIONS probably has been *bribed*,2525,suspend_rare
貢,tribute,"tribute, support, finance",a CRAFT which costs lots of MONEY is a *tribute* to a great person.,1520,
項,paragraphs,"paragraph, nape of neck, clause, item, term (expression)",CRAFTing a PAGE is done via *paragraphs*,418,
召,seduce,"seduce, call, send for, wear, put on, ride in, buy, eat, drink, catch (cold)",To *seduce* is to accomplish with the MOUTH what cannot (or should not) be done with a SWORD.,1456,
昭,shining,"shining, bright",all DAY only SEDUCING requires a *shining* personality,1028,
則,rule,"rule, law, follow, based on, model after","unfortunately, MONEY and SWORDS (violence) *rule* the world",835,
副,vice-,"vice-, assistant, aide, duplicate, copy","The WEALTHY woman with the SWORD standing next to the king, that's the *vice-*boss who does all the dirty work.",1150,
丁,street,"street, ward, town, counter for guns, tools, leaves or cakes of something, even number, 4th calendar sign",atomic,839,
町,town,"town, village, block, street",a FIELD and a STREET is for a *town* all that you need,362,
可,Can,"can, passable, approval","A MOUTH on the STREET asking for things: ""*Can* I get some help?!",169,
頂,place it on my head,"place on the head, receive, top of head, top, summit, peak","when riding the bike on the STREET, i take a HEAD protection (helmet) and *place it on my head*",395,
子,child,"child, sign of the rat, 11PM-1AM, first sign of Chinese zodiac",atomic,43,
孔,cavity,"cavity, hole, slit, very, great, exceedingly",a CHILD only has a FISHHOOK available to carve a *cavity*,1966,suspend_rare
了,complete,"complete, finish",atomic,348,
女,woman,"woman, female",atomic,173,
好,fond,"fond, pleasing, like something",a WOMAN is *fond* of her CHILD,157,
如,likeness,"likeness, like, such as, as if, better, best, equal",WOMEN with the same lipstick on their MOUTH have a certain *likeness*,1360,
母,mother,mother,atomic,554,
貫,pierced,"pierce, 8 1/3lbs, penetrate, brace",The sad fate of MOTHER SHELLFISH was to be captured and *pierced* to make an earring.,1480,
兄,elder brother,"elder brother, big brother",the *elder brother* can be simplified to a MOUTH with HUMAN LEGS because he commands so much,1024,
呪,spell,"spell, curse, charm, malediction",words from the MOUTH of the ELDER BROTHER can feel like a *spell* or curse on the younger siblings,1766,
克,overcome,"overcome, kindly, skillfully",TEN ELDER BROTHERS can *overcome* almost any problem,1639,
小,little,"little, small",atomic,133,
少,few,"few, little",atomic,196,
大,large,"large, big",atomic,7,
多,many,"many, frequent, much",drinking TWO EVENINGS in a row is *many*,138,
夕,evening,evening,atomic,756,
汐,eventide,"eventide, tide, salt water, opportunity",the EVENING by the WATER = *eventide* (just a poetic evening),9999,suspend_rare
外,outside,outside,"In Minecraft, when *outside* in the EVENING, you need to protect yourself with a MAGIC WAND",125,
名,name,"name, noted, distinguished, reputation","at an EVENING gathering, when getting to know people via the MOUTH, you always have to tell them your *name*",85,
石,stone,stone,a *stone* covers the MOUTH to a cave hidden under a CLIFF.,456,
肖,resemblance,"resemblance, rtk-primitive: spark, candle","the SMALLER the BODY of animals, the more they have a *resemblance*",2196,suspend_rare
嗅,smelled,"smell, sniff, scent",a MOUTH that STINKS even a DROP can be *smelled* across the restaurant,2360,suspend_rare
奇,strange,"strange, strangeness, curiosity","when objects are as LARGE as they CAN be, they are *strange* (e.g., scissors, doors)",1145,
妙,exquisite,"exquisite, strange, queer, mystery, miracle, excellent, delicate, charming",WOMEN have A FEW *exquisite* clothes they like best,1008,
硝,nitrate,"nitrate, saltpeter",*nitrate* can make STONES RESEMBLE through explosion,2349,suspend_rare
砕,smash,"smash, break, crush, familiar, popular","to split a STONE into NINE or TEN pieces, it's best to *smash* it",1934,suspend_rare
砂,sand,sand,STONES weighing only A FEW miligrams are *sand*,1040,
妬,jealous,"jealous, envy",a WOMAN is hiding behind a STONE to observe her lover because she's *jealous*,2165,suspend_rare
削,planes,"plane, sharpen, whittle, pare, shave",a weaponsmith achieves the RESEMBLANCE of SWORDS because he *planes* them,568,
光,rays,"ray, light",a SMALL spell (cantrip) by ONE dnd humanoid with HUMAN LEGS can cast *rays* of light,384,
太,plump,"plump, thick, big around",A LARGE person with a big DROP of sweat dripping off of him because he is so *plump*,499,
器,utensil,"utensil, vessel, receptacle, implement, instrument, ability, container, tool, set",four MOUTHS of cooks each have one LARGE opinion on what the best cooking *utensil* is in some situation,433,
臭,stinking,"stinking, ill-smelling, suspicious looking, odor, savor, fragrance, be fragrant, stink, glow, be bright","when someone's *stinking*, they make ONESELFs presence LARGER than it is",1129,
省,government ministry,"government ministry, conserve, omit","when a *government ministry* is bad, it's like Big Brother having A FEW EYES above all citizens",708,
厚,thick,"thick, heavy, rich, kind, cordial, brazen, shameless","under a CLIFF, the whole DAY a CHILD sits and eats, thus becoming *thick* and heavy",975,
川,stream,"stream, river, river or three-stroke river radical (no. 47)",atomic,270,
州,state,"state, province",the Danube RIVER with THREE DROPS of cities in between might as well be a *state*,767,
順,obey,"obey, order, turn, right, docility, occasion",*obey* the orders STREAMing down from the HEAD office,282,
水,water,water,atomic,178,
氷,icicle,"icicle, ice, hail, freeze, congeal",A DROP in temperature turns WATER into an *icicle*,1333,
永,eternity,"eternity, long, lengthy","a DROP of WATER, a raindrop, coming down from the sky can be viewed as almost an *eternity*",956,
泉,spring,"spring, fountain",it looks like WHITE WATER when the bubbly water comes out of the *spring*,546,
腺,gland / Drüse,gland = Drüse,from the FLESH comes a SPRING; *gland / Drüse*,1963,suspend_rare
原,meadow,"meadow, original, primitive, field, plain, prairie, tundra, wilderness","below the CLIFF are WHITE, SMALL flowers on a *meadow*",260,
願,petition,"petition, request, vow, wish, hope","next to the MEADOW, I hang up a PAGE of my *petition* to allow wild camping on it!",248,
泳,swim,swim,"when in the middle of the ocean, all you see is WATER for ETERNITY so you just *swim*",1417,
沼,marsh,"marsh, lake, bog, swamp, pond",WATER SEDUCING a forest makes it into a *marsh*,1328,
沖,open sea,"open sea, offing, rise high into sky","in the *open sea*, I am IN the very middle of only WATER",810,
汎,pan-,pan-,"a *pan-*fish is one that is COMMONPLACE in many WATER sources (ocean, lake, river)",2114,suspend_rare
江,creek,"creek, inlet, bay",a *creek* is a CRAFT of the WATER of the ocean,814,
汰,washing,"washing, sieving, filtering, weeding out, luxury",*washing* is a daily for the PLUMP person that sweats so much WATER,1668,
汁,soup,"soup, juice, broth, sap, gravy, pus",a *soup* is when you put TEN things into the WATER and apply heat,1243,
沙,grains of sand,"rtk: grains of sand, sand","when you go into the WATER at the beach, you always get A FEW *grains of sand* in your clothes",1373,
潮,tide,"tide, salt water, opportunity","Looking at the ocean WATER in the calm MORNING, you only notice the TIDE",1319,
源,source,"source, origin",the *source* of milk is essentially grass from the MEADOW and WATER which the cow consumes,704,
活,lively,"lively, resuscitation, being helped, living",WATER on the TONGUE means the animal is *lively*,156,
消,extinguishes,"extinguish, blow out, turn off, neutralize, cancel","when you put WATER on the SPARK, it *extinguishes*",410,
況,condition,"condition, situation",the result of pouring WATER on the OLDER BROTHER depends on the *condition* or situation,472,
河,river,river,WATER CAN flow only in a *river*,943,
泊,overnight stay,"overnight stay, put up at, ride at anchor",taking a shower with WATER and using fresh WHITE bedsheets is all you beed for an *overnight stay*,610,
湖,lake,lake,retirees like puting WATER on their OLD BODY at a *lake*,1151,
測,measure,"fathom, plan, scheme, measure",in the WATER the LAW also applies to countries need *measure* their borders there as well,880,
土,soil,"soil, earth, ground, Turkey",atomic,397,
吐,spit,"spit, vomit, belch, confess, tell (lies)",from the MOUTH to the SOIL goes the *spit*,1474,
圧,pressure,"pressure, push, overwhelm, oppress, dominate","when there is much SOIL under a CLIFF, the *pressure* increases",837,
埼,cape,"cape, spit, promontory",a person with a *cape* walks on the STRANGE SOIL,1253,
垣,hedge,"hedge, fence, wall",the area of the SOIL is SPANNED by the *hedge*,1462,
填,fill in,fill in,"into the wholes in the plant pot, I *fill in* TRUE SOIL",9999,suspend_rare
圭,square jewel,"square jewel, corner, angle, edge","in the SOIL below the SOIL, i find the beautiful *square jewel*",9999,suspend_rare
封,seal,"seal, closing",a SQUARE JEWEL is GLUED to the letter to make a nice *seal*,1254,
涯,horizon,"horizon, shore, limit, bound",just beyond the *horizon* is only WATER and a CLIFF with a SQUARE JEWEL,1692,
均,level,"level, average",SOIL is scooped up into a LADEL. The extra DROP is brushed off to make it *level*,1025,
火,fire,fire,atomic,584,
炎,inflammation,"inflammation, flame, blaze","an lung *inflammation* is like TWO FIRES, one in each lung",1193,
煩,anxiety,"anxiety, trouble, worry, pain, ill, annoy, nuisance, irksome",*anxiety* is like a FIRE in my HEAD,2222,suspend_rare
淡,thin,"thin, faint, pale, fleeting",drinking only WATER when you have an INFLAMMATION makes you very *thin* and pale - eat too!!,1476,
灯,lamp,"lamp, a light, light, counter for lights",today's equivalent of a FIRE in a STREET is a *lamp*,1295,
畑,farm,"farm, field, garden, one's specialty, (kokuji)",the FIRE of the kettle next to the FIELD is for the workers of the *farm*,1313,
災,disaster,"disaster, calamity, woe, curse, evil","What a *disaster*! First a FIRE, then on top of it came FLOODs.",939,
灰,ashes,"ashes, puckery juice, cremate","of the FIRE in the cave under the CLIFF, only *ashes* remain",1739,
点,spot,"spot, point, mark, speck, decimal point",The FORTUNE TELLER was burned by FLAMES on the *spot* because she was accused of being a witch,219,
照,illuminates,"illuminate, shine, compare, bashful",the SHINING of the FIRE *illuminates* the surroundings,742,
魚,fish,fish,*fish* can be eaten on top of BOUND UP rice from the FIELD (nigiri) or grilled,796,
漁,fishing,"fishing, fishery",getting the FISH from WATER is *fishing*,1403,
里,ri,"ri (unit of measurement), rtk-primitive:COMPUTER, village, parent's home, league",The *ri* is a Japanese way of measuring the area of the SOIL underneath a FIELD.\n\n= the BRAIN made out of silicone from the SOIL,897,
黒,black,black,burning the COMPUTER with FIRE results only in a *black* screen,590,
墨,black ink,"black ink, India ink, ink stick, Mexico",BLACK SOIL can be used as *black ink*,1943,suspend_rare
鯉,carp,carp,a FISH in the japanese COMPUTER is frequently a *carp*,2097,suspend_rare
量,quantity,"quantity, measure, weight, amount, consider, estimate, surmise","until SUNRISE I used the COMPUTER, which is a too large *quantity*",440,
厘,rin,"rin, 1/10 sen, 1/10 bu",A COMPUTER dropped off of a CLIFF would be worth about a *rin*,3004,suspend_rare
埋,buried,"bury, be filled up, embedded","to break my COMPUTER addiction, it has to *buried* under some SOIL",1350,
同,same,"same, agree, equal",ONE MOUTH under a HOOD looks the *same* as any other.,121,
洞,den,"den, cave, excavation",flow of WATER on the SAME spot over a long time can carve out a *den*,1636,
胴,trunk,"trunk, torso, hull (ship), hub of wheel",Your *trunk* is where the BODY parts meet at the SAME place.,2079,suspend_rare
向,over there,"over there, facing, beyond, confront, defy, tend toward, approach",Look *over there*! That tiny DROP is robin HOOD at the MOUTH of his secret cave,209,
尚,esteem,"esteem, furthermore, still, yet",the SMALL CAPE gives the person more *esteem* when talking with the MOUTH,1392,
字,characters,"character, letter, word, section of village",the CHILD learns Kanji *characters* underneath a HOUSE.,378,
守,guard,"guard, protect, defend, obey",the *guard* is GLUED to the HOUSE,671,
完,perfect,"perfect, completion, end",only at the HOUSE of my ORIGIN is the toilet *perfect*,479,
宣,proclaim,"proclaim, say, announce",I *proclaim* the SPAN of the HOUSE property,1083,
宵,wee hours,"wee hours, evening, early night","during the *wee hours*, I light a CANDLE in my HOUSE",2174,suspend_rare
安,relaxes,"relax, cheap, low, quiet, rested, contented, peaceful","a WOMAN best *relaxes* in the HOUSE instead of public, also because it's cheap",145,
宴,banquet,"banquet, feast, party","for International WOMENs DAY, a *banquet* is prepared in the HOUSE",1309,
寄,drawing near,"draw near, stop in, bring near, gather, collect, send, forward",a STRANGER is *drawing near* to the house - help!!,514,
富,WEALTH,"wealth, enrich, abundant",all the *WEALTH* is kept in the HOUSE,528,
貯,savings,"savings, store, lay in, keep, wear mustache",MONEY stored in a separate HOUSE in the STREET (i.e. the bank) are my *savings*,1133,
桂,Judas tree,"Japanese Judas-tree, cinnamon tree","the *Judas tree* is so rare among TREES, its like a SQUARE JEWEL",1921,suspend_rare
柏,oak,"oak, cypress",a TREE with the WHITE kashiwanoha cherry blossoms stands next to some *oak*,9999,suspend_rare
枠,frame,"frame, framework, spindle, spool, bounding-box, (kokuji)","the *frame* made from TREE wood shatters into NINE, TEN pieces when it falls",1320,
梢,treetop,"treetops, twig","from the *treetop*, all TREES have a RESEMBLANCE",9999,suspend_rare
棚,shelf,"shelf, ledge, rack, mount, mantle, trellis",A *shelf* is a WOODEN COMPANION to books.,1156,
杏,apricot,apricot,"In Wachau, I take an *apricot* from a TREE and put it into my MOUTH",9999,suspend_rare
桐,paulownia,paulownia,Natsume was searching in the WOODEN house for the *paulownia* room but they all looked the SAME,1834,suspend_rare
林,grove,"grove, forest",TWO TREES make a small *grove*,818,
森,forest,"forest, woods",THREE TREES make a *forest*,683,
木,tree,"tree, wood",atomic,337,
植,plant,plant,"when thinking of a *plant*, I think of a TREE STRAIGHTAWAY",803,
栽,plantation,"plantation, planting",The *plantation* is where we get our Christmas TREE. We pick them out at THANKSGIVING to be sure we get a good one.,1395,
苛,torment,"torment, scold, chastise","a FLOWER CAN *torment* the bee, when it makes the nectar hard to get",2331,suspend_rare
道,road way,"road-way, street, district, journey, course, moral, teachings",a *road way* is a ROAD where i can see people's NECKS from between the car seat and their head supports,179,
権,authority,"authority, power, rights","the TREE has *authority* over the ground, and the PEGASUS over the air",422,
椅,chair,chair,"if you think about it, a *chair* is a STRANGE thing made from WOOD",1532,
枯,withers,"wither, die, dry up, be seasoned","when the TREE gets OLD, it *withers* more easily",1789,
朴,crude,"crude, simple, plain, docile",a WOODEN MAGIC WAND is a very *crude* wooden item,1886,suspend_rare
村,village,"village, town",TREES are GLUED together to form houses in a *village*,344,
相,international,"inter-, mutual, together, each other, minister of state, councillor, aspect, phase, physiognomy",i can see a TREE from a different country with my EYE - basically *international*,206,
机,desk,"desk, table",the perfect view from my *desk* is a TREE and a gust of WIND,1751,
本,book,"book, present, main, origin, true, real, counter for long cylindrical things",atomic,9,
札,tag,"tag, paper money, counter for bonds, placard, bid","on the TREE, I hang up a HOOK with a *tag* of my clan",525,
暦,calendar,"calendar, almanac",Years-Months-Days: It takes many years for a CLIFF to erode. TWO TREES takes many months to decompose. I can still track the days with a *calendar*,1798,
案,plan,"plan, suggestion, draft, ponder, fear, proposition, idea, expectation, worry, table, bench",I RELAX on top of the TREE and make a *plan* on how to escape from the bear that's chasing me,323,
燥,parch,"parch (= ausdörren, austrocknen), dry up","with the slight heat of a FIRE or the sun, I *parch* some edible GOODS on a WOODEN surface, like fruits",1394,
未,not yet,"not yet, un-, hitherto, still, even now, sign of the ram",SPECIAL\n\nThe TREE's leaves ( 木 ) do NOT YET ( 未 ) have the color EXTREMITY ( 末 ) of VERMILION ( 朱 ) in September,529,
朱,vermilion,"vermilion, cinnabar, scarlet, red, bloody",SPECIAL\n\nThe TREE's leaves ( 木 ) do NOT YET ( 未 ) have the color EXTREMITY ( 末 ) of VERMILION ( 朱 ) in September,1990,suspend_rare
昧,dark,"dark, foolish","DAY is NOT YET, so it's still *dark*",1718,
末,rtk: extremity,"rtk: extremity, end, close, tip, powder, posterity",SPECIAL\n\nThe TREE's leaves ( 木 ) do NOT YET ( 未 ) have the color EXTREMITY ( 末 ) of VERMILION ( 朱 ) in September,570,
沫,splash,"splash, suds",A *splash* is WATER that has reached its EXTREMITY.,9999,suspend_rare
味,flavor,"flavor, taste",the food is NOT YET in my MOUTH so I have to guess the *flavor*,120,
妹,younger sister,younger sister,the WOMAN which is NOT YET my height is my *younger sister*,1196,
株,stocks,"stocks, stump, shares, stock, counter for small plants","*stocks* can have two states: green, like that of a healthy leaf  TREE or red, like VERMILION",398,
王,king,"king, rule, magnate",atomic,612,
地,ground,"ground, earth",The SOIL is littered with SCORPIONS everywhere and no ones dares put their foot on the *ground*,42,
若,young,"young, if, perhaps, possibly, low number, immature",The *young* little girl held a FLOWER in her RIGHT hand.,609,
草,grass,"grass, weeds, herbs, pasture, write, draft",*grass* grows EARLIER than the FLOWERS,778,
苦,suffering,"suffering, trial, worry, hardship, feel bitter, scowl",i buy a FLOWER for the OLD person in the hospital to lessen their *suffering*,606,
寛,tolerant,"tolerant, leniency, generosity, relax, feel at home, be at ease, broadminded",a HOUSE where FLOWERS can be SEEN from the windows is probably *tolerant*,1703,
薄,dilute,"dilute, thin, weak (tea), pampas grass","to *dilute* the elder FLOWER in WATER perfectly, you need a SPECIALTY in using DROPs",1005,
葉,leaves,"leaf, plane, lobe, needle, blade, spear, counter for flat things, fragment, piece","On top of the *leaves* a FLOWER appears, promising new GENERATIONS for the TREE below.",342,
模,imitation,"imitation, copy, mock",a WOODEN GRAVEYARD is an *imitation* of a real one made of stone,777,
漠,vague,"vague, obscure, desert, wide","when lots of WATER enters the GRAVEYARDS premises, the remains of the corpses become *vague* and difficult to identify",1769,
墓,graves,"grave, tomb",below the GRAVEYARD is the SOIL in which the *graves* are placed,1534,
暮,livelihood,"rtk: livelihood, twilight, season's end, livelihood, make a living, spend time",He made a *livelihood* out of robbing GRAVEYARDS in broad DAYlight.,678,
膜,membrane,membrane,the BODIES found in the GRAVEYARD still have a *membrane*,1557,
苗,seedlings,"seedling, sapling, shoot","to make a FLOWER FIELD like in the netherlands, you need a lot of *seedlings*",1627,
兆,a person's back,"a person's back, 10^12, trillion, sign, omen, symptoms","SPECIAL\n\ntwo PERSON'S BACKS facing each other, with the arms on the other side",1730,
状,status quo,"status quo, conditions, circumstances, form, appearance","a TURTLE (SCHIGGY) and a DOG are two *status quo* pokemons / animals, respectively",227,
荻,reed,"reed = Schilf, rush",the WILD DOGS running from the FIRE cannot hide behind a FLOWER - but they can hide in the *reed* which is in the water,9999,suspend_rare
独,single,"single, alone, spontaneously, Germany",The bachelor's apartment looked like it had been attacked by a pack of WILD DOGS. There were even INSECTS in the kitchen. No wonder he's *single*,626,
桃,peach,peach (tree),"the *peach* comes from a TREE and looks like a butt, which is on A PERSON'S BACK",1368,
眺,staring,"stare, watch, look at, see, scrutinize",i feel a *staring* of someone's EYE on my BACK,1294,
犬,dog,dog,atomic,701,
黙,silent,"silence, become silent, stop speaking, leave as is","next to the COMPUTER lies the DOG, enjoying the warmth of its HEAT, thus not barking and remaining *silent*",1500,
然,sort of thing,"sort of thing, so, if so, in that case, well",cooking the FLESH of DOGS over FIRE - we don't do that *sort of thing* anymore,285,
軟,soft,soft,the CAR's tire LACKS air and has become *soft*,1538,
狩,hunt,"hunt, raid, gather",WILD DOGS GUARD the area in which they *hunt*,1334,
猫,cat,cat,the *cat* hides from the WILD DOGS in the FLOWER FIELD,761,
牛,cow,cow,atomic,957,
特,special,special,a COW working in the BUDDHIST TEMPLE must be a *special* one,152,
告,revelation,"revelation, tell, inform, announce","The *revelation* makes the COW's MOUTH drop down, ""Hamburgers are made of what?!"".",272,
先,before,"before, ahead, previous, future, precedence","*before* human, minotaurs ruled Kreta. COWS with HUMAN LEGS!",117,
洗,wash,"wash, inquire into, probe",I *wash* my body with WATER BEFORE i go to sleep,686,
介,jammed in,"jammed in, shellfish, mediate, concern oneself with","under an UMBRELLA, a person with a SABER (CURVED SWORD / STICK) and a person with a WALKING STICK are *jammed in*",217,
叱,scolds,"scold, reprove","imagine SITTING ON THE GROUND in the corner as your teacher stands over you, her MOUTH  wide open as she *scolds* you in front of the entire class.",2032,suspend_rare
題,topics,"topic, subject",some *topics* JUST SO appear in your HEAD,199,
染,dye,"dye, color, paint, stain, print","To make this *dye*, I used WATER and the barks of nine different TREES.",914,
界,world,"world, boundary","nowadays, carrots or potatoes are JAMMED INTO the FIELD almost everywhere in the *world*",236,
茶,tea,tea,"matcha is a kind of *tea* where the tea FLOWER is grown in the shade under an UMBRELLA, held up by a WOODEN POLE",542,
脊,spinal column,"rtk: spinal column, stature, height, spine","the *spinal column* is like an UMBRELLA to the body which you always carry and to its left are TWO and to its right are TWO arms and legs respectively, which makes up most of the BODY",2300,suspend_rare
合,fits,"fit, suit, join, 0.1",under the UMBRELLA *fits* ONE talking MOUTH,8,
塔,pagoda,"pagoda, tower, steeple",the *pagoda* is constructed on the SOIL onto which FLOWERS FIT the best,1564,
玉,jewel,"jewel, ball",the small DROP on the KING'S scepter is a *jewel*,712,
宝,treasure,"treasure, wealth, valuables",many JEWELS in one HOUSE make up the *treasure*,972,
珠,pearl,"pearl, gem, jewel",the KING loves VERMILION and asked to find a *pearl* in that color,1566,
現,present,"present, existing, actual","a true KING can still be SEEN in the present, e.g., in Sweden or Denmark",136,
玩,play,"play, take pleasure in, trifle with, make sport of",the KING likes to *play* Golf in the BEGINNING of the day,1787,
狂,lunatic,"lunatic, insane, crazy, confuse",WILD DOGS are used by the KING instead of guards because he's a *lunatic*,1370,
旺,flourishing,"flourishing, successful, beautiful, vigorous",the SUN KING lived during a *flourishing* time of France's monarchy,2255,suspend_rare
皇,emperor,emperor,a WHITE robe wearing KING was called the *emperor* in ancient Rome,1271,
呈,displays,"display, offer, present, send, exhibit",a KING with a big MOUTH *displays* all his belongings to guests,1893,suspend_rare
全,whole,"whole, entire, all, complete, fulfill",under one UMBRELLA did the KING unite the *whole* kingdom,69,
栓,plug,"plug, bolt, cork, bung, stopper",the TREE as a WHOLE was used to *plug* the holes in the wooden house,2042,suspend_rare
理,logic,"logic, arrangement, reason, justice, truth",the KING of the principles of the COMPUTER is the mathematical field of *logic*,58,
主,lord,"lord, chief, master, main thing, principal",a small DROP version of a KING is a *lord*,224,
注,pouring,"pour, irrigate, shed (tears), flow into, concentrate on, notes, comment, annotate",the LORD has WATER *pouring* through his garden fountains every day,134,
柱,pillar,"pillar, post, cylinder, support","a TREE can be used as a *pillar*, for example in the old wooden church built for the LORD",1488,
金,gold,"gold, rtk-primitive: any metal",the stylish KING under the UMBRELLA has DROPS of *gold* on his left and right ear as piercings,94,
銑,pig iron / Roheisen,pig iron = Roheisen,the METAL BEFORE it gets shaped into something is the *pig iron / Roheisen*,9999,suspend_rare
鉢,bowl,"bowl, rice tub, pot, crown",this is the *bowl* of an alchemist who manipulates METALS using weird information from a BOOK,1574,
銅,copper,copper,*copper* is the METAL which is in the SAME copper cables all around the world,1887,suspend_rare
釣,angle,"angling, fish, catch, allure, ensnare",the easiest way to *angle* is to take GOLDfish out of a jar with a LADLE,871,
針,needle,"needle, pin, staple, stinger",a METAL NEEDLE is one type of *needle*,965,
銘,inscription,"inscription, signature (of artisan)","on a METAL plate was my last NAME written in Porzellangasse 33a, so an *inscription* basically",1214,
鎮,tranquilized,"tranquilize, ancient peace-preservation centers","i was *tranquilized* when i found out the GOLD which i purchased is TRUE, not a fake",1900,suspend_rare
導,guidance,"guidance, leading, conduct, usher","For *guidance* on the ROADWAY, have a GPS unit GLUED to your car.",605,
辻,crossing,"crossing, crossroad, street corners, (kokuji)","the *crossing* consists of TEN white stripes and a DROP of chewing gum, all on the ROAD",1781,
迅,swiftly,"swift, fast",transporting TEN bluefin tunas on a FISHHOOK on the ROAD so i can make it *swiftly* to the fishmarket,1300,
造,created,"create, make, structure, physique","the REVELATION of a new ROAD *created* new housing opportunities, but also more noise",488,
迫,urge,"urge, force, imminent, spur on",the WHITE stripes on the ROAD *urge* you not to go beyond them,1187,
逃,escape,"escape, flee, shirk, evade, set free","with the BACK facing the ROAD, they *escape* into the forest and hide",942,
辺,environs,"environs, boundary, border, vicinity","with a SWORD, standing by the ROAD, the samurai guards the *environs* of the land",446,
巡,patrol,"patrol, go around, circumference","in Venice, the police *patrol* also the RIVER ROADS",1270,
車,car,car,atomic,148,
連,take along,"take along, lead, join, connect, party, gang, clique","the CARS on the ROAD *take along* people, but usually not many",137,
軌,rut,"rut = Spuren in d Straße, wheel, track, model, way of doing",the CAR had to be pushed out by NINE people because it was stuck in a *rut*,1767,
輸,transports,"transport, send, be inferior",this is a CAR which *transports* the cattle to a MEETING of BUTCHERS (flesh + sword),850,
喩,metaphor,"metaphor, compare",A MEETING of BUTCHERS is a perfect *metaphor* for the supposed secret talks(MOUTHS) between Hitler and Stalin.,2653,suspend_rare
前,in front,"in front, before","*in front* of the BUTCHER shop, there is a sign made of HORNS.",41,
煎,broiled,"broil, parch, roast, boil",the meat is *broiled* IN FRONT of the guests on a FIRE,1928,suspend_rare
賂,graft,"rtk: graft, bribe",*graft* is like bribing. You have to give MONEY to EACH person.,3316,suspend_rare
各,Each,"each, every, either",*Each* and every one of us walks (WALKING LEGS) and talks (MOUTH) differently.,330,
格,status,"status, rank, capacity, character, case (law, grammar)",EACH WOOD has a certain *status* when it comes to furniture or floors,143,
略,abbreviations,"abbreviation, omission, outline, shorten, capture, plunder",the BRAIN cannot remember EVERY complex long name so we create *abbreviations*,735,
客,guest,"guest, visitor, customer, client",EACH *guest* should feel like in their own HOUSE,249,
額,forehead,"forehead, tablet, plaque, framed picture, sum, amount, volume","the GUEST'S HEAD becomes before everyone else, hence they are like the *forehead*",518,
夏,summer,summer,"in *summer*, at peak heat at ONE o'clock, ONESELF has to use the WALKING LEGS instead of the bike",379,
処,dispose,"dispose, manage, deal with, sentence, condemn, act, behave, place","WALKING in the WIND, I *dispose* of the remaining water in my wet hair",548,
条,article,"article, clause, counter for articles, clauses, paragraphs, etc., twig, item, stripe, streak",there was an *article* on a WALKING TREE - nonsense!,257,
落,fall,"fall, drop, come down, village, hamlet",the cherry blossom FLOWERS *fall* into the WATER EACH hanami,314,
毎,every,every,*every* MOTHER looks forward to the end of the day when she can finally LIE DOWN,365,
夢,dream,"dream, vision, illusion","i put some FLOWER extract on my EYEs, and to CROWN my EVENING, I have a pleasant *dream*",648,
高,TALL,"tall, high, expensive",imagine a *TALL* person in a HOOD and only a MOUTH visible - intimidating,86,
塾,cram school,"cram school, private school",Welcome to our *cram school*: you will RECEIVE a well ROUNDED education on our GROUNDS,1292,
冗,superfluous,"superfluous, uselessness","The king's CROWN was blown off by the WIND. ""Oh well,"" he said, ""it's just a *superfluous* symbol."".",1909,suspend_rare
冥,Hades,"rtk: Hades, dark",If you can survive *Hades* for SIX DAYS they give you a CROWN as a reward.,2085,suspend_rare
軍,army,"army, force, troops, war, battle",the British CROWN has CARS in their *army*,811,
輝,radiance,"radiance, shine, sparkle, gleam, twinkle",an ARMY of RAYS is emitting *radiance*,1172,
運,carry,"carry, luck, destiny, fate, lot, transport, progress, advance",the ARMY is the ROAD to *carry* supplies and weapons,254,
冠,CROWN,"crown, best, peerless",the *CROWN* of the ORIGIN has a lot of fancy stuff GLUED to it,1711,
坑,pit,"pit, hole","the WHIRLWIND was so strong on the SOIL, it created a *pit*",2624,suspend_rare
享,receives,"receive, enjoy, undergo, answer (phone), take, get, catch","the TALLER the CHILD, the more basketballs passes it *receives*",2396,suspend_rare
士,gentleman,"gentleman, scholar, samurai, samurai radical (no. 33)",atomic,468,
熟,mellow,"mellow (= zart), ripen, mature, acquire skill",RECEIVING a ROUNDED object from the bbq FIRE is often a marsh*mellow*,1251,
亭,pavillon,"pavilion, restaurant, mansion, arbor, cottage, vaudeville, music hall, stage name",the TALLest *pavillon* CROWNS the STREET,1421,
京,capital,"capital, 10**16",When we think of a *capital*  city today we think of TALL  skyscrapers dwarfing the endless swarms of LITTLE folk scurrying here and there about their business.,275,
涼,refreshing,"refreshing, nice and cool",WATER fountains in the CAPITAL makes it more *refreshing* in the summer,1148,
景,scenery,"scenery, view",Imaging the SUN rising over the CAPITAL–classic postcard *scenery*,649,
鯨,whale,whale,"if FISH had a CAPITAL, it would certainly be the *whale*",2273,suspend_rare
舎,cottage,"cottage, inn, hut, house, mansion",The *cottage* is so small - it has an UMBRELLA for the roof; SOIL for the floor and room for only one MOUTH.,1110,
周,circumference,"circumference, circuit, lap",the *circumference* of the LIDDED CROCK (= SOIL + MOUTH) can be measured by putting a cloth HOOD over it,380,
週,week,week,imagine a ROAD where you can drive the Earth's CIRCUMFERENCE in only a *week*,303,
吉,good luck,"good luck, joy, congratulations","before the SAMURAI goes into battle, you say with your MOUTH: *good luck*",775,
壮,robust,"robust, manhood, prosperity",the BACK of the SAMURAI is *robust* thanks to his armor,1771,
荘,villa,"villa, inn, cottage, feudal manor, solemn, dignified",the *villa* is decorated with FLOWERS and surrounded by a ROBUST fence,1438,
売,sell it,sell,the SAMURAI found a CROWN by a body with only HUMAN LEGS remaining and now wants to *sell it*,127,
学,study,"study, learning, science",a SCHOOL HOUSE is a place where CHILDREN *study*,61,
覚,memorize,"memorize, learn, remember, awake, sober up",SEEING things in the SCHOOL HOUSE makes then best to *memorize* because of the visual image,502,
栄,flourishes,"flourish, prosperity, honor, glory, splendor",the TREE in the SCHOOL HOUSE *flourishes* because there are always people that water it,979,
書,write,write,the calligrapher at the goshuincho window uses the BRUSH every DAY to *write* goshuins,46,
津,haven,"haven, port, harbor, ferry",The *haven* for a BRUSH is in WATER.. Otherwise they get dry and withered and cant be used?!,881,
牧,herded,"new: herding, breed, care for, shepherd, feed, pasture",the COWS are being *herded* by the TASKMASTER,1352,
攻,aggression,"aggression, attack, criticize, polish",*aggression* is a well-honed CRAFT for any decent TASKMASTER,753,
敗,failure,"failure, defeat, reversal","If you end up in *failure*, you give MONEY to the TASKMASTER to train you.",766,
枚,sheet of,"sheet of..., counter for flat thin objects or sheets",from a TREE itself is the strict TASKMASTER is making you make a *sheet of* paper,692,
故,happenstance,"happenstance (= coincidence), especially, intentionally, reason, cause, circumstances, the late, therefore, consequently",Only an OLD TASKMASTER uses a stupid word like *happenstance* instead of the many less pretentious synonyms for luck or chance.,689,
敬,awe,"awe ( = Ehrfurcht), respect, honor, revere",The FLOWERy PHRASES of keigo ( 敬語 ) with which you must address the TASKMASTER in *awe*,1322,
言,say,"say, word",atomic,55,
警,admonish,"admonish ( = ermahnen), commandment",To *admonish* is to enforce AWE by means of WORDS,951,
計,plot,"plot, plan, scheme, measure",TEN WORDS should be enough to summarize the *plot* of many books,247,
詮,Elucidate,"rtk: elucidate = aufklären, discussion, methods called for, selection, result","*Elucidate* me. Tell me, in your own WORDS, the WHOLE story.",2131,suspend_rare
獄,prison,"prison, jail",the WILD DOG was SAYING he is a normal DOG! Yet he was still put to *prison*,1596,
訂,revised,"revise, correct, decide",WORDS that penetrate like a NAIL should maybe be *revised*,1459,
訃,obituary (= Todesanzeige),obituary (= Todesanzeige),not even the WORDS spoken with a MAGIC WAND can revert the effects of the *obituary (= Todesanzeige)*,2742,suspend_rare
討,chastise,"chastise = zurechtweisen, attack, defeat, destroy, conquer",If you *chastise* someone correctly the WORDS will stick like GLUE.,827,
調,tune,"tune, tone, meter, key (music), writing style, prepare, exorcise, investigate, harmonize, mediate","To *tune* an old-fashioned radio, you turn the dial the full range of the CIRCUMFERENCE, until you can clearly hear the WORDS",231,
訓,instruction,"instruction, Japanese character reading, explanation, read","in an *instruction*, it's particularly important that the WORDS have a good STREAM",1308,
詔,imperial edict,imperial edict,the *imperial edict* is a bunch of WORDS to SEDUCE the masses,3181,suspend_rare
詰,packed,"packed, close, pressed, reprove, rebuke, blame",WORDS of GOOD LUCK are *packed* into fortune cookies.,1022,
話,tale,"tale, talk","as for a good *tale*, the WORDS should roll off nicely off the TONGUE",87,
詠,recitation,"recitation, poem, song, composing","in order to perform a *recitation*, I have to repeat the WORDS for an ETERNITY",2057,suspend_rare
読,read,read,"when you *read*, the person who wrote it tries to SELL you their WORDS",163,
詩,poem,"poem, poetry",the WORDS at the BUDDHIST TEMPLE  were an old Japanese *poem*,1221,
語,words,"word, speech, language",what I am SAYING are *words*,193,
談,discussion,"discuss, talk",WORDS are reaching the state of an INFLAMMATION during a heated *discussion*,474,
諾,consent,"consent, assent, agreement",the WORDS of the YOUNG people place much emphasis on *consent*,1441,
諭,rebuke,"rebuke = Rüge, admonish, charge, warn, persuade",a *rebuke* is like WORDS coming to a MEETING OF BUTCHERS and being slaughtered for an unpleasant purpose,2091,suspend_rare
式,style,"style, ceremony, rite, function, method, system, form, expression",Each tribe CRAFTS their ARROWS in a certain *style*,237,
試,test,"test, try, attempt, experiment, ordeal","for a *test*, both WORDS and STYLE matter when judged by the teacher",349,
弐,TWO,"II, two, second",think of *TWO* arrows in a QUIVER (= ONE + ARROW),2318,suspend_rare
域,range,"range, region, limits, stage, level","when the pirates were in *range* of LAND, they kissed the ground with the MOUTH ONE by one and had a FIESTA",352,
桟,scaffolds,"scaffold = Gerüst, cleat, frame, jetty, bolt (door)",Japanese festival FLOATS are often so tall they need WOODEN *scaffolds* to be completed.,2445,suspend_rare
賊,burglar,"burglar, rebel, traitor, robber",the *burglar* steals MONEY using a NEEDLE to pick locks of the homes of people that are at the FIESTA,1812,suspend_rare
載,load,"load, board, get on, place, spread, 10^44, record, publish","After eating a big THANKSGIVING dinner, you have to be careful in the CAR ride home not to drop a *load* in your pants.",164,
茂,overgrown,"overgrown, grow thick, be luxuriant",the FLOWER above the PARADE is *overgrown* so it's as imposing as possible,1541,
戚,relatives,"relatives, grieve",think of a PARADE of *relatives* . they have seen you grow UP since you were SMALL,1954,suspend_rare
成,turn into,"turn into, become, get, grow, elapse, reach","when the PARADE is WRAPPED UP, its people *turn into* a small back alley and vanish",100,
城,castle's,castle,the *castle's* SOIL on which it is built TURNS INTO royal ground,703,
誠,sincerity,"sincerity, admonish, warn, prohibit, truth, fidelity",*sincerity* is when WORDS TURN INTO action,1259,
威,intimidating,"intimidate, dignity, majesty, menace, threaten",the MARCH consisted of tall amazonian WOMEN who were quite *intimidating*,1450,
滅,destroyed,"destroy, ruin, overthrow, perish",the MARCH of the FIRE nation *destroyed* the WATER nation (avatar),1208,
減,dwindled,"dwindle = schwinden, decrease, reduce, decline, curtail, get hungry",the MARCH of the shouting MOUTHS was *dwindled* using spraying WATER,632,
蔑,reviled,"revile = beschimpfen, ignore, despise, neglect, ridicule","They gays were *reviled* by society, so they put FLOWERS above their EYES and MARCHED around.",2550,suspend_rare
走,run,run,*run* TEN miles in order to MEND your fitness issues,553,
背,stature,"stature, height, back, behind, disobey, defy, go back on, rebel","in the NORTH of Europe, the BODIES of humans have a high *stature*",862,
銭,coin,"coin, .01 yen, money","the 1 yen *coin*, despite being made from METAL, will FLOAT on a water surface",1451,
浅,shallow,"shallow, superficial, frivolous, wretched, shameful","if you place a toy boat on some *shallow* WATER which you cannot see so well, it can look like it's FLOATING",1250,
止,stop,"stop, halt",atomic,377,
歩,walked,"walk, counter for steps","STOPPING only A FEW times, I *walked* the whole pilgrimage route",347,
渉,to ford,"ford, go cross, transit, ferry, import, involve",WALKING across a stream of WATER is called *to ford*,1446,
頻,repeatedly,"repeatedly, recur",the annoying fly WALKED over my HEAD *repeatedly* whilst I was napping,1515,
肯,agreement,"agreement, consent, comply with",The peace *agreement* put a STOP on the fighting for a MONTH (MOON),2216,suspend_rare
企,undertake,"undertake, scheme, design, attempt, plan","In Resident Evil, you *undertake* a mission to STOP UMBRELLA from infecting the country with the T-Virus.",363,
歴,curriculum,"curriculum, continuation, passage of time",A *curriculum* is a CALENDAR that -replaces DAYS- with reasons to STOP having fun.,607,
戌,march,"rtk: march, sign of the dog","*march*, because like a PARADE but more unity, thus ONE",9999,suspend_rare
県,prefecture,prefecture,"imagine a new Japanese *prefecture* which has a tradition of fishing. Its flag has a FISHHOOK with a LITTLE tuna on it (a big one wouldn't fit) and the EYE of the tuna is all RED, like in the Japanese flag",245,
燃,burn,"burn, blaze, glow",the Japanese are very particular about what SORT OF THING can *burn* in the FIRE,1101,
武,warrior,"warrior, military, chivalry, arms",the *warrior* with the QUIVER STOPS in the forest to see if they can find a target,745,
賦,levy,"levy = Abgabe, ode, prose, poem, tribute, installment","a WARRIOR stands guard on a bridge, collecting MONEY as *levy* from anyone who wants to pass",2489,suspend_rare
正,correct,"correct, justice, righteous, 10**40",the teacher's question STOPS at response number ONE if it is *correct*,221,
証,evidence,"evidence, proof, certificate",*evidence* proves that your WORDS are CORRECT,437,
政,politics,"politics, government","if the strict TASKMASTER is CORRECT on a lot of issues, they should go into *politics*",388,
定,determined,"determine, fix, establish, decide","the *determined* survivor in DbD does the MENDING in the main HOUSE, even if the killer is nearby",38,
錠,lock,"lock, fetters, shackles",the METAL piece in the door which DETERMINES which key fits is the *lock*,2000,suspend_rare
超,transcends,"transcend, super-, ultra-",the monk RUNS from the SEDUCING pleasures of life and *transcends* to a spiritual plane,575,
赴,proceed,"proceed, get, become, tend","in order to *proceed* to Hogwarts and get his MAGIC WAND, Harry Potter has to RUN through a wall at the train platform",2092,suspend_rare
越,surpass,"surpass, cross over, move to, exceed, Vietnam",RUN past the PARADE in order to *surpass* it,556,
是,just so,"just so, this, right, justice","*just so*, going out into the SUN can MEND your problems",836,
堤,dike,"dike = Deich, bank, embankment",arranging the SOIL JUST SO stops the water from flowing and creates *dike*,1918,suspend_rare
建,build,build,"A construction worker's classic morning: STRETCH,  BRUSH his teeth, and then start to *build*",459,
鍵,key,key,The METAL thing you need in order to enter things you BUILD is a *key*,1472,
延,prolong,"prolong, stretching",I'm doing a bit of STRETCHING and MENDING of problems in order to *prolong* my workday,1035,
誕,nativity,"nativity, be born, declension, lie, be arbitrary","during *nativity*, the WORDS which the mother screamed were PROLONGED",884,
礎,cornerstones,"cornerstone, foundation stone",Features like STONES and GROVES of trees are the *cornerstones* of a happy ZOO.,1050,
婿,bridegroom,"bridegroom, son-in-law","at the wedding is the WOMAN (wife), a ZOO of children, the FLESH of hundreds of relatives, and lastly, the *bridegroom*",2704,suspend_rare
衣,garments,"garment, clothes, dressing",TOP HAT and SCARF are the most important *garments* (fancy word for clothes) for the hipster in the winter,998,
暗,darkness,"darkness, disappear, shade, informal, grow dark, be blinded","When *darkness* covered the earth at the beginning of time, there was neither SUN nor SOUND",905,
立,stand up,"stand up, rise, set up, erect",atomic,139,
裁,tailored,"tailor, judge, decision, cut out (pattern)","for THANKSGIVING, the GARMENTS that I wear are *tailored* to me!",1069,
装,attire,"attire, dress, pretend, disguise, profess",Only a ROBUST GARMENT is worthy of being called *attire*,515,
裏,back,"back, amidst, in, reverse, inside, palm, sole, rear, lining, wrong side","I'll be *back*!\nsays the COMPUTER Terminator, disguised with a TOP HAT and a SCARF",751,
壊,demolished,"demolition, break, destroy",the SOIL was *demolished* during a fight between a TEN EYED monster and Frieren with the nice GARMENT,964,
哀,pathetic,"pathetic, grief, sorrow, pathos, pity, sympathize",the TALL person with a SCARF (hc strache) is *pathetic*,1554,
遠,distant,"distant, far",the exotic LIDDED CROCK wrapped in a SCARF which I found on the ROAD must be from a merchant of a *distant* place,652,
猿,monkey,monkey,"To catch a *monkey*, chase him with WILD DOGS into a LIDDED CROCK, then tie it with a SCARF",1845,suspend_rare
初,first time,"first time, beginning",everyone has a *first time* polytopia game where a CLOAK infiltrates their city and spawns a bunch of DAGGERS,172,
巾,towel,"towel, hanging scroll, width, cloth radical (no. 50)",atomic,2034,suspend_rare
布,linen,"linen, cloth, spread, distribute","by his SIDE, the Roman landlord always has a TOWEL made from *linen* to protect him from the sun if needed",663,
帆,sailing,sail,a TOWEL is pretty MEDIOCRE for *sailing*,1971,suspend_rare
幅,hanging scrolls,"hanging scroll, width","instead of a TOWEL, the WEALTHY people use *hanging scrolls* to dry off",885,
帽,cap,"cap, headgear",arabs sometimes wear a TOWEL as a *cap* to avoid the RISK of a sunburn,1505,
幕,curtain,"curtain, bunting, act of play","There is a GRAVEYARD outside my house that scares me, so I put a huge TOWEL over the window to serve as a *curtain* so I can get a good nights sleep.",1174,
幌,canopy,"canopy = Festival pavillon, awning, hood, curtain",just span a large TOWEL over heads at the festival to shield us from the SUN'S RAYS as a *canopy*,1237,
錦,Brocade,"brocade, fine dress, honors",*Brocade* is the art of sewing GOLD on a WHITE TOWEL,1806,suspend_rare
市,market,"market, city, town",a *market* depends heavily on the audience. the stock market in 1930s America was full of people with TOP HATS and one in ancient rome had customers wearing TOWELS,122,
柿,persimmon,persimmon,a *persimmon* is a fruit from a TREE which i basically only see on fruit MARKETS,1951,suspend_rare
姉,elder sister,elder sister,the WOMAN which goes to the MARKET to buy things for the household is the *elder sister*,1079,
肺,lungs,lungs,the *lungs* are the BODY'S MARKET - exchanging o2 for co2,1864,suspend_rare
帯,sash,"sash = Band zum umbinden, belt, obi, zone, region",when you go to Japan's number ONE MOUNTAIN ryokan you get a nice *sash* (obi). you can use it to fasten your yukata but also you can tie it to your CROWN or fasten your TOWEL,307,
滞,stagnate,"stagnate, be delayed, overdue, arrears",i put WATER on the SASH to  *stagnate* the checkout procedure at the number one ryokan,1239,
刺,Thorns,"thorn, pierce, stab, prick, sting, calling card","*Thorns* grow on a bush here that has wrapped itself around a TREE like a BELT, cutting into it like a SABER",959,
制,system,"system, law, rule",It's a cruel *system* for COWS: the leather (so around the cow) is used for making a BELT and the inside is cut using a SABER to make beef,306,
製,made in,"made in..., manufacture",we live in a globalized SYSTEM and know where certain GARMENTS are *made in* - often Bangladesh or India,338,
転,revolving,"revolve, turn around, change",the CAR's wheels are *revolving* and hence the RISING CLOUDS appear,279,
芸,technique,"technique, art, craft, performance, acting, trick, stunt","creating FLOWER-like RISING CLOUDS, so fireworks, requires a good *technique*",718,
雨,rain,rain,"from the CEILING hangs a wet TOWEL from which 4 DROPS are coming down, simulating *rain*",578,
雲,cloud,cloud,"from the RAIN water, the RISING CLOUD creates another regular *cloud*",1177,
曇,cloudy weather,"cloudy weather, cloud up","the SUN is obstructed by CLOUDS, hence it's *cloudy weather*",1622,
雷,thunder,"thunder, lightning bolt","imagine it's RAINING and you're on the RICE FIELD. if you hear a *thunder*, better seek shelter!",1531,
霜,frost,frost,"*frost* is kind of an INTER-weather phenomenon, something between RAIN and freezing temp’s.",2278,suspend_rare
冬,winter,winter,the WALKING LEGS slip easily on ICE during *winter*,923,
天,heavens,"heavens, sky, imperial",the *heavens* is the BIG CEILING for our souls,155,
妖,bewitch,"bewitching, attractive, calamity",the WOMAN used a SAPLING to *bewitch* you,1607,
沃,fertility,fertility,putting WATER on the SAPLING causes *fertility* to it,3247,suspend_rare
橋,bridge,bridge,the *bridge* made from WOOD is guarded by a ANGEL,693,
喬,angel,"rtk: angel, high, boasting","I took fruits from the wrong SAPLING, put them into my MOUTH - then a creature appeared with a HOOD and a MOUTH. an *angel*! \n(imagine the one from Homm V)",9999,suspend_rare
嬌,attractive,attractive,the WOMAN ANGEL was certainly *attractive*,9999,suspend_rare
泣,crying,"cry, weep, moan","Guys have two ways of WATERing when they are STANDING, the less common one is *crying*",886,
章,badge,"badge, chapter, composition, poem, design","at the quiz show, when you STAND UP EARLY and get the right answer, you get a *badge*",709,
競,compete with,"compete with, emulate, bid, sell at auction, bout, contest, race",the two ELDER BROTHERS each STAND UP and *compete with* each other which one is taller,747,
帝,sovereign,"sovereign, the emperor, god, creator","The mad *sovereign* STANDS UP and stands directly on the CROWN, which he disrespects, and is wearing only a TOWEL",1355,
諦,give up,"give up, truth, clarity, abandon","in world war 2, the WORDS of the Japanese SOVEREIGN were ""*give up*!"" to the people via radio",1581,
童,juvenile,"juvenile, child",the *juvenile* people frequently use their mobile COMPUTERS (smartphones) while STANDING UP,1143,
瞳,pupils,pupil (of eye),"In Japanese comics, the EYE's of JUVENILES all have enormous *pupils*",1709,
鐘,bell,"bell, gong, chimes",The METAL *bell* rings to call the JUVENILES to class.,2046,suspend_rare
商,makes a deal,"make a deal, selling, dealing in, merchant","the shady guy in the back STANDS UP, puts on his HOOD and *makes a deal* over HUMAN LEGS (human trafficking) and things for the MOUTH (drugs)",29,
嫡,legitimate wife,"legitimate wife, direct descent (non-bastard)",the *legitimate wife* is the WOMAN who has been with you since the ANTIQUE times,3118,suspend_rare
適,suitable,"suitable, occasional, rare, qualified, capable",the ANTIQUE vehicle is surprisingly still *suitable* for the ROAD,393,
滴,drip,"drip, drop",drinking WATER from the ANTIQUE chalice has a lot of *drip*,1877,suspend_rare
敵,enemies,"enemy, foe, opponent",the ANTIQUE TASKMASTER has a lot of *enemies*,695,
匂,aroma,"aroma, fragrant, stink, glow, insinuate","imagine some good smelling herbs WRAPPED UP and placed on a SPOON, fully releasing their *aroma*",1611,
頃,about that time,"about that time, about, toward","When Uncle Bob starts his comic routine of sticking SPOONS on his HEAD, you know it is *about that time*  to come up with a reason to excuse yourself.",558,
北,north,north,The cold air from the *north* is so strong that we see two people SITTING ON THE GROUND with their BACKS pressed against one another,339,
比,comparing,"compare, race, ratio, Philippines","With TWO SPOONS, one in each hand, you are *comparing* your soup and your partners",386,
葛,Kudzu,"kudzu = invasive Japanese plant, arrowroot",*Kudzu* vines and FLOWERS grow so fast by DAY that by night they have BOUND UP all the HUMANS in the forest like FISH HOOKS bind fish.,1699,
昆,descendants,"descendants, elder brother, insect",Grandparent spends all DAY COMPARING photos of their *descendants*,1625,
皆,all,"all, everything","*all* detergents claim that, when COMPARING to other brands, they produce the WHITEST laundry.",449,
楷,blocked characters,"block letters, correctness",imagine a forest where the TREES are ALL about the same size and evenly spaced. *blocked characters* are the same but for characters on some paper,3410,suspend_rare
諧,harmony,harmony,the parliament has *harmony* if the WORDS of ALL members are heard equally,3272,suspend_rare
混,mixing,"mix, blend, confuse",*mixing* the WATER and other fluids with a partner can lead to new DESCENDANTS,863,
渇,thirsty,"thirst, dry up, parch",You awaken from your SIESTA because you feel extremely *thirsty* so you go looking for some WATER.,2224,suspend_rare
謁,audience,"audience, audience (with king)",the person at the birthday party was saying WORDS while having a SIESTA (i.e. sleeptalking) - which drew a considerable *audience*,3439,suspend_rare
褐,brown,"brown, woollen kimono","in the *brown* CLOAK, the monk was having his SIESTA",2511,suspend_rare
喝,hoarse,"hoarse = heiser, scold",you are *hoarse* after the concert? let your MOUTH have a SIESTA and don't talk for a few hours,2235,suspend_rare
旨,delicious,"delicious, relish, show a liking for, purport, will, clever, expert","Each time he had a SPOONful of his food, Rengoku, hashira of the SUN and flame, said: ""*delicious*"" (うまい！)",1131,
脂,fat,"fat, grease, tallow, lard, rosin, gum, tar",the BODY parts of many animals which are considered the most DELICIOUS are usually the ones with the most *fat*,1138,
欠,lacked,"lack, gap, fail, yawning radical (no. 76)",the GREAT PERSON Galileo was BOUND UP on a rope because he *lacked* faith in the Christian beliefs of earth-centrism,971,
詣,visit a shrine,"visit a temple, arrive, attain",You *visit a shrine* to SAY your wishes and offer DELICIOUS offering to the gods.,2212,suspend_rare
壱,one,one (in documents),The SAMURAI who has been CROWNED number *one* is so good he uses a SPOON to fight with rather than a sword.,2126,suspend_rare
敏,cleverness,"cleverness, agile, alert",EVERY TASKMASTER has a certain *cleverness*,1522,
梅,plum,plum,EVERY old WOODEN bento box has a sour *plum* inside it,890,
海,sea,"sea, ocean",the WATER around EVERY continent is the *sea*,212,
乞,begging,"beg, invite, ask","See someone LYING DOWN in a public place with a HOOK in place of a hand, *begging* for some rice",2325,suspend_rare
乾,drought,"drought, dry, desiccate, drink up, heaven, emperor","the pirates have to deal with so much MIST during their expedition, they actually start BEGGING for a *drought* in the Caribbeans",1117,
腹,abdomen,"abdomen, belly, stomach",the part of the FLESH which should GO BACK on its weight is usually the *abdomen*,883,
複,duplicate,"duplicate, double, compound, multiple","at the Halloween party, someone was wearing a *duplicate* CLOAK of mine, so i GO BACK and change one more time",706,
吹,blow,"blow, breathe, puff, emit, smoke",you *blow* through your MOUTH and then it LACKS air,1006,
炊,cooking,"cook, boil","Japanese *cooking* sometimes LACKS FIRE, e.g., sashimi.",1506,
歌,sing,"song, sing",the young girl CAN *sing* and CAN perform the song but she LACKS courage and such things,465,
次,next,"next, order, sequence",this ICE cream flavor LACKS appeal... I'll look at the *next* one,192,
茨,Dornen,"Dornen, briar, thorn","To prevent animals from eating the beautiful FLOWERS in your garden, the best thing to do is to plant *Dornen* bushes immediately NEXT to them.",1516,
資,assets,"assets, resources, capital, funds, data, be conducive to, contribute to","once I have leftover MONEY, the NEXT thing I do is place them into some *assets*",252,
姿,figure,"figure, form, shape","I'm standing closely NEXT to the WOMAN on the train. Hence, I can only see her *figure* but not her face",765,
諮,consult with,consult with,": ""Consulting with"" is having WORDS with the NEXT MOUTH.",2369,suspend_rare
識,discriminate,"discriminate, know, write",WORDS are difficult to *discriminate* from SOUNDS in the middle of a FIESTA.,458,
賠,compensation,"compensation, indemnify","this MONEY you get for STANDING UP for me with your MOUTH, you can consider it your *compensation*",1857,suspend_rare
培,cultivate,"cultivate, foster",the farmers *cultivate* their SOIL and they will STAND UP for it with their MOUTHS if push comes to shove,1348,
剖,divide,divide,"when people STAND UP for something with their MOUTH and also a SABER, that will create a *divide* among supporters",2335,suspend_rare
音,sound,"sound, noise",imagine the screaming *sound* one would make if they were STANDING on top of the SUN,250,
韻,rhymes,"rhyme, elegance, tone",the SOUNDS which the EMPLOYEE makes are playful *rhymes* to please the customer,2214,suspend_rare
鏡,mirror,"mirror, speculum, barrel-head, round rice-cake offering",the *mirror* has a METAL frame and you can STAND UP in front of it and SEE yourself,1229,
境,boundary,"boundary, border, region","if you are on SOIL which is close to the *boundary*/border of your country, you can STAND UP and SEE over to the other side",482,
亡,deceased,"deceased, the late, dying, perish","A TOP HAT hanging on a HOOK in the front hall, right where the *deceased* left it the day he died",1142,
盲,blind,"blind, blind man, ignoramus",the EYES have DECEASED so the person is now *blind*,2059,suspend_rare
妄,delusion,"delusion, unnecessarily, without authority, reckless",Romeo held the *delusion* that Juliet was a DECEASED WOMAN.,1613,
望,ambition,"ambition, full moon, hope, desire, aspire to, expect",DEAD BODIES were the result of the KING'S stupid *ambition*,373,
方,direction,"direction, person, alternative","the pirate BINDS UP their TOP HAT so it's more pointy and points it into the *direction* to which the ship is headed, also determined by the *compass*",12,
荒,laid waste,"laid waste = verwüsten, rough, rude, wild","After Godzilla *laid waste* to the city, the survivors put some FLOWERS on the bodies of the DECEASED and floated their bodies down the STREAM.",1106,
妨,disturb,"disturb, prevent, hamper, obstruct",an attractive WOMAN can easily *disturb* the moral COMPASS of someone,1967,suspend_rare
坊,boy,"boy, priest's residence, priest","on the SOIL of his grandparents house, the *boy* is playing with a COMPASS that his grandparents gifted him",1269,
芳,perfumes,"perfume, balmy, favorable, fragrant",Here we see a special COMPASS used to pick out those FLOWERS most suited for making good *perfumes*,1637,
肪,obese,"obese, fat",the FLESH extends into multiple DIRECTIONS when you become *obese*,1422,
訪,calls on,"call on, visit, look up, offer sympathy",the teacher *calls on* a student who is identified by the pointing DIRECTION of her finger to SAY something,749,
放,sets free,"set free, release, fire, shoot, emit, banish, liberate",all you have is a COMPASS. the TASKMASTER gives you the challenge to catch an animal which he *sets free* in the woods,413,
激,violent,"violent, get excited, enraged, chafe, incite",the TASKMASTER who works in the WATER with a WHITE COMPASS is a *violent* pirate,674,
脱,undressed,"undress, removing, escape from, get rid of, be left out, take off",the DEVIL likes your FLESH and wants to eat you *undressed*,940,
説,opinion,"opinion, theory, explanation, rumor",the WORDS of the DEVIL on your shoulder make you doubt your *opinion*,281,
鋭,pointed,"pointed, sharpness, edge, weapon, sharp, violent",the METAL trident which the DEVIL is holding is... *pointed* at you,1704,
曽,Formerly,"formerly, once, before, ever, never, ex-","*Formerly*, HORNED animals were used to plough the RICE FIELD, and it took all DAY. Nowadays it's done by machine.",1847,suspend_rare
増,increase,"increase, add, augment, gain, promote",Prices always *increase* for LAND that was FORMERLY cheaper.,483,
贈,presents,"presents, send, give to, award to, confer on, presenting something",MONEY is what I get for christmas nowadays. FORMERLY i received *presents*,1089,
東,east,east,"Through the TREES, I watch the SUN rising from the *east*",208,
棟,ridgepole,"ridgepole = horizontaler Balken oben am Dach, ridge",Feng Shui states that the *ridgepole* of a house should be made of WOOD and face EAST,1602,
凍,frozen,"frozen, congeal, refrigerate",EASTERN Siberia is often *frozen* by ICE,1289,
妊,pregnancy,pregnancy,a WOMAN can be a PORTER for a child during *pregnancy*,1272,
壬,porter,"rtk: porter = someone who carries things, 9th calendar sign","the SAMURAI carries a big DROP of responsibility for his master, hence being a *porter*",9999,suspend_rare
廷,courts,"courts, imperial court, government office","when the judges who work in the *courts* only act as PORTERS to a corrupt politician, they will STRETCH the law if needed",2063,suspend_rare
賓,V.I.P.,"V.I.P., guest","This HOUSE is reserved to *V.I.P.* only. To enter, you need to be ONE of the FEW with enough MONEY",2475,suspend_rare
歳,year-end,"year-end, age, occasion, opportunity","Santa had to STOP a MARCH of LITTLE guys, namely elves. They were protesting the harsh treatment they get every *year-end* when Santa asks them to step up toy production for the holiday season.",598,
栃,horse chestnut,"horse chestnut, (kokuji)",the *horse chestnut*:\n- horse because Jin Sakai jumps down the CLIFF TEN THOUSAND times\n- chestnut because it's a TREE,1700,
池,pond,"pond, cistern, pool, reservoir",the WATER SCORPION likes living in the *pond*,868,
虫,insect,"insect, bug, temper",atomic,1004,
蛍,lightning bugs,"lightning-bug, firefly","in Grave of the Fireflies, the siblings didn't go to the SCHOOLHOUSE and instead played with INSECTS such as *lightning bugs* (to light up their home)",1955,suspend_rare
蛇,snake,"snake, serpent, hard drinker",I use a SPOON to feed my pet-*snake* INSECTS in the HOUSE,1797,
虹,rainbow,rainbow,"For my arts and CRAFTs project at school, I used dead INSECTS to paint a *rainbow* - the teacher was not amused",1875,suspend_rare
蝶,butterfly,butterfly,A *butterfly* is an INSECT that appears after spending a GENERATION on a TREE as a cocoon.,1779,
蚕,silkworms,silkworm,In China it was believed that the *silkworms* were INSECTS sent from HEAVEN because of the beautiful material they produced.,2697,suspend_rare
風,WIND,"wind, air, style, manner","The *WIND* usually carries things around in it - DROPS of rain or snow, and lots of INSECTS.",230,
己,self,self,atomic,922,
起,wake it up,"wake up, rouse, get up","Be careful when you RUN through the jungle, because you might step on a SNAKE and *wake it up*",429,
妃,queen,"queen, princess",the WOMAN who supposedly killed herself with a SNAKE is *queen* Cleopatra,2217,suspend_rare
改,reformation,"reformation, change, modify, mend, renew, examine, inspect, search","The TASKMASTER of Slytherin ( wizardry house symbolized by a SNAKE ) plans a *reformation* of Hogwarts, disallowing the study of magic to all muggle-born.",431,
記,scribe,"scribe, account, narrative",the WORDS of the SNAKE had to be written down by a *scribe* because the snake has no hands!,30,
包,wrapping,"wrap, pack up, cover, conceal",The SNAKE BOUND UP its prey by *wrapping* his body around it.,907,
胞,placenta,"placenta, sac, sheath","Imagine a newborn baby, fresh out of the womb, being entirely WRAPPED by the long piece of FLESH, called a *placenta*, that once fed him.",1429,
砲,Cannon,"cannon, gun",*Cannon* = STONE projectile WRAPPED by a barrel.,1741,
泡,bubble,"bubbles, foam, suds, froth","When WATER forms a *bubble*, it WRAPS a pocket of air.",1501,
亀,turtle,"tortoise, turtle","if it's not BOUND UP in a net or caught on a FISHHOOK, the *turtle* can live from DAY to DAY for a very long long time",1301,
電,electric,electricity,It's unwise to stand in the RAIN while holding an *electric* EEL. Picture getting struck by lightning because of this.,166,
竜,dragon,"dragon, imperial","imagine some people in a row STANDING UP, holding up a big lengthy creature like an EEL - suddenly it looks like a Chinese *dragon*",1306,
豚,pork,"pork, pig","When a mother pig nurses its piglets, we call it a SOW. When that same mother pig's FLESH is on our plates, we call it *pork*",1223,
腸,intestines,"intestines, guts, bowels, viscera",the most interesting BODY part of a PIGGY BANK are of course the *intestines* - because it's money!,1509,
滝,waterfall,"waterfall, rapids, cascade",the DRAGON was spewing WATER and it came out like a *waterfall*,1415,
逐,pursuing,"pursue, drive away, chase, accomplish, attain, commit","In association with consummate, our SOW is on the ROAD *pursuing* a mate.",2418,suspend_rare
遂,accomplishing,"accomplish, consummate, accomplish, attain, commit (suicide)","Imagine a HORNED SOW = the imp from Homm V,  and it sits on the ROAD and wants to prevent you from *accomplishing* your goal",1461,
家,HAUS,"house, home, family, professional, expert, performer",die drei kleinen Schweinchen (i.e. SOWS) bauen sich ein *HAUS*,101,
嫁,marry into,"marry into, bride","Traditionally, it was the WOMEN who would *marry into* the HOUSEholds of their husband's families.",1363,
豪,overpowering,"overpowering, great, powerful, excelling, Australia",the TALL CROWNED PIG in the video game was an *overpowering* endboss,1167,
場,location,"location, place","You're looking for a good *location* to bury your PIGGY BANK savings. It has to be in some soft SOIL that's easy to dig up, well hidden, and easy to rememger like this kanji.",22,
湯,hot water,"hot water, bath, hot spring","Imagine a *hot water* kettle for your tea, except this one is a pink PIGGY BANK that pours the WATER from its snout (and squeals when the water is piping hot). Make sure to use a potholder",790,
羊,sheep,sheep,atomic,1631,
美,beautiful,"beauty, beautiful",from a LARGE SHEEP you can make lots of *beautiful* clothes,191,
洋,ocean,"ocean, sea, foreign, Western style",This kanji refers to the WATERS of the PaSHEEPhic ocean.,691,
詳,detail,"detailed, full, minute, accurate, well-informed",the WORDS of the SHEEP are explaining in great *detail* where the wolf is supposed to be,184,
差,distinctions,"distinction, difference, variation, discrepancy, margin, balance",This New-Zealand pro-gamer has won many *distinctions* playing WOOL CRAFT,595,
鮮,fresh,"fresh, vivid, clear, brilliant, Korea","The kanji gives 2 examples of foods that should be purchased *fresh*. To remember which foods, take the first letter of fresh, ""F"", to stand for fish and the final sound of fresh, ""SH"", to stand for sheep: FreSH. It even puts the primitives in the right order.",831,
達,accomplished,"accomplished, reach, arrive, attain","Dolly (the first cloned SHEEP ever) grow tired of being a celebrity and escaped from the labs by digging a tunnel. She turned out to be an *accomplished* escapist, as she managed to dig a ROAD under the SOIL.",213,
羨,envious,"envious, be jealous, covet","A very thirsty SHEEP, who always LACKED WATER, spends his days watching his fellow sheep (in the farm next door or in another pen) and being very *envious* of their water.",1840,suspend_rare
着,put on,"put on, don, arrive, wear, counter for suits of clothing",i *put on* some WOOLen clothes to conform with the public EYE of society,200,
唯,solely,"solely, only, merely, simply",Sadly my MOUTH gets to taste TURKEY *solely* on Christmas day,1416,
堆,piled high,piled high,"the SOIL, which in this case are mashed potatoes, are *piled high* next to the TURKEY",2265,suspend_rare
椎,chinquapin,"chinquapin, mallet, spine",the native American sounding TREE name *chinquapin* can be connected to TURKEYS,1824,suspend_rare
誰,who,"who, someone, somebody","*who* TALKS TURKEY, asked the police officer.\n(talking turkey = speaking the truth)",544,
焦,charred,"char, hurry, impatient, irritate, burn, scorch, singe","When I put the TURKEY over the oven FIRE, it always ends up being *charred* beyond recognition",1414,
礁,Reefs,"reef, sunken rock","*Reefs* are often formed from volcanic STONE, or ""stone that has been CHARRED"".",2424,suspend_rare
集,gather,"gather, meet, congregate, swarm, flock",the TURKEY *gather* on top of the TREE to hide from the hunters,131,
准,quasi,"quasi-, semi-, associate",the ICE-frozen TURKEY for the festivity is *quasi* the same thing as a fresh one,2341,suspend_rare
進,advance,"advance, proceed, progress, promote",the TURKEY cannot fly so long so it has to *advance* on the ROAD for a while,335,
雑,miscellaneous,miscellaneous,NINE *miscellaneous* birds are sitting on a TREE. the biggest one is a TURKEY,504,
雌,feminine,"feminine, female",Imagine a TURKEY walking in the snow (in the North pole for example) wearing SPOONS for snowshoes. Now you're looking down at the FOOTPRINTS and you think to yourself that those footprints look *feminine*: curvy and slender.,2328,suspend_rare
準,semi,"semi-, correspond to, proportionate to, conform, imitate",The TURKEY is only *semi*-done if WATER comes out when you poke it it with a NEEDLE.,512,
奮,stirred up,"stirred up, be invigorated, flourish",a LARGE TURKEY *stirred up* all the vegetables on the FIELD whilst running around,1303,
奪,robbed,"rob, take by force, snatch away, dispossess, plunder, usurp",there was a LARGE stuffed TURKEY GLUED to the entrance porch of my home - but someone *robbed* it,1405,
確,assurance,"assurance, firm, tight, hard, solid, confirm, clear, evident",you throw a STONE at the TURKEY which is impaled on a STICK with a CROWN on top to have *assurance* as to what you're seeing is real,129,
午,noon,"noon, rtk-primitive: horse, sign of the horse, 11AM-1PM",atomic,713,
許,permission,"permit, approve","If HORSES could TALK, you might have to ask their *permission* before mounting them.",647,
歓,delight,"delight, joy",A LACK of FLYING HORSES is a *delight* to those on the ground who get hit with the flying horse poop.,1132,
観,outlook,"outlook, look, appearance, condition, view","when riding the PEGASUS in the air, you can SEE a fantastic *outlook*",315,
習,learning,learn,Imagine a WHITE bird loosing a couple FEATHERS as it is *learning* to fly.,420,
翌,"""The following!""","the following, next","Your FEATHERS would also STAND UP if you were a hen in a slaughter house and you heard: *""The following!""*.",1039,
曜,weekdays,weekday,"Take from UTokyo wants the human lifestyle; sleeping on the FUTON and waking with the SUN - especially on *weekdays*, where the Japanese work like crazy",582,
濯,laundry,"laundry, wash, pour on, rinse",I wash the FUTON with WATER by hand instead of putting it into the *laundry*,1390,
